split,subject_id,run_index,num_windows,true_speed
train,006,1,9,1.2400000095367432
train,006,2,8,1.6950000524520874
train,006,4,8,1.875
train,006,6,8,1.284999966621399
train,006,7,9,2.009999990463257
train,006,8,8,1.3799999952316284
train,006,12,8,1.3799999952316284
train,006,14,7,1.2100000381469727
val,006,3,9,1.7549999952316284
val,006,10,8,2.0350000858306885
val,006,13,9,1.6749999523162842
test,006,5,9,0.875
test,006,9,8,1.0700000524520874
test,006,11,8,1.225000023841858
