subject_id,num_windows,avg_true_speed,avg_predicted_speed,avg_error,avg_abs_error
003,29,1.4529310382645706,1.6071329856741017,0.15420194740953108,0.15420194740953108
004,27,1.4850000143051147,1.5903444599222254,0.10534444561711065,0.10534444561711065
005,25,1.6645999622344971,1.6294962120056153,-0.03510375022888179,0.03510375022888179
006,25,1.0494000244140624,1.6353179502487183,0.5859179258346559,0.5859179258346559
007,25,1.2947999954223632,1.515613923072815,0.2208139276504517,0.2208139276504517
008,18,1.3499999642372131,1.554141143957774,0.20414117972056078,0.20414117972056078
